Year,Paper number,QN,Type,score,difficulty
2021,9MA0,Q1,Polynomials,3,Easy
2022,9MA0,Q2,Polynomials,3,Easy
2022,9MA0,Q7,inequality,5,High
2022,9MA0,Q8,Exponents and Logarithms,8,High
2022,9MA0,Q9,coordinate geometry&vector,6,Medium
2022,9MA0,Q12,Integration,5,High
2022,9MA0,Q14,Trigonometry,8,High
2022,9MA0,Q16,Integration,9,High
2023,9MA0,Q2,Polynomials,6,Easy
2023,9MA0,Q6,Exponents and Logarithms,6,Medium
2023,9MA0,Q10,coordinate geometry&vector,9,High
2023,9MA0,Q11,Exponents and Logarithms,7,High
2023,9MA0,Q12,Differentiation,5,Medium
2023,9MA0,Q13,Trigonometry,7,High
2023,9MA0,Q15,Exponents and Logarithms,13,High
