Year,Paper number,QN,Type,score,difficulty
2021,8MA0,Q7,Trigonometry,5,High
2022,8MA0,Q1,Integration,4,Medium
2022,8MA0,Q2,Polynomials,7,Easy
2022,8MA0,Q6,Polynomials,6,Easy
2022,8MA0,Q9,Exponents and Logarithms,6,High
2022,8MA0,Q10,Differentiation,10,High
2022,8MA0,Q12,Differentiation,12,High
2022,8MA0,Q14,inequality,4,High
2023,8MA0,Q6,coordinate geometry&vector,5,High
2023,8MA0,Q8,Polynomials,5,High
2023,8MA0,Q9,Exponents and Logarithms,5,High
2023,8MA0,Q14,Polynomials,5,Easy
2023,8MA0,Q15,Polynomials,7,High
2023,8MA0,Q16,Differentiation,6,Medium
2023,8MA0,Q17,inequality,5,Medium
